intertime,ffratio,uniqueHashtags,uniqueURL,clase
1327719.504,0.824120603,0.153846154,0.461538462,normal
273390.4892,0.632231405,0.216216216,0.783783784,normal
90394.69815,0.437956204,0,0,normal
17392.78512,0.043630752,0.142857143,0.107142857,normal
74934.72879,0.360178971,0.03030303,0.121212121,normal
214278.0611,0.369272237,1.333333333,0,normal
8338.621825,0.210912907,0.023809524,0.095238095,normal
53324.80833,0.424,0.066666667,0.4,normal
649935.558,0.490322581,0.086956522,0.173913043,normal
27925.61765,0.128983308,0,0.647058824,normal
1121886.707,0.415238095,0.411764706,0.382352941,normal
14067.7,0.020535714,0,0.170731707,normal
309068.7611,0.630136986,0,0,normal
173457.0329,0.343546284,0.135135135,0.108108108,normal
193654.2083,0.687128713,0.071428571,0.142857143,normal
2550.49955,0.009449426,0.054054054,0.108108108,normal
9435.443411,0.474701769,0.046511628,0.23255814,normal
18498.10833,0.114130435,0.875,0.375,normal
93988.80152,0.470431133,0,0.212121212,normal
33071.54008,0.417079208,0.119047619,0.047619048,normal
45117.07407,0.336270807,0.481481481,0.555555556,normal
202943.3875,0.318777293,0.083333333,0.194444444,normal
92640.87713,0.563694268,0.023255814,0.186046512,normal
82062.18519,0.424437299,0,0.166666667,normal
473841.6974,0.593484419,0.230769231,0.192307692,normal
21180.36465,0.420918367,0.303030303,0.242424242,normal
212309.7448,0.344465059,0.034482759,0.068965517,normal
227353.1222,0.72234763,0.19047619,0,normal
381733.2386,0.564912281,0,0.090909091,normal
247058.8398,0.637206765,0.64516129,0.387096774,normal
62420.07361,0.422969188,0.458333333,0.75,normal
50437.17126,0.496563574,0,0.137931034,normal
23292.61857,0.547077922,0.028571429,0.085714286,normal
97281.04333,0.5,0,0.233333333,normal
352451.6097,0.471153846,0.083333333,0.333333333,normal
62053.37476,0.526822558,0,0.028571429,normal
316446.7092,0.493087558,0.068965517,0.275862069,normal
642148.9897,0.646956522,0.051282051,0.102564103,normal
11143.34722,0.001124553,0.5,1.333333333,normal
36939.3375,0.793333333,0,0.25,normal
87184.29091,0.438356164,0,0.045454545,normal
234013.696,0.331234257,0.121212121,0.242424242,normal
58620.58978,0.486247544,0.129032258,0.129032258,normal
244380.0057,0.497058824,0,0.137931034,normal
38746.52157,0.110659309,0.029411765,0.205882353,normal
120984.4739,0.398221344,0.166666667,0.166666667,normal
195296.7957,0.107026654,0.542857143,0.914285714,normal
230553.1233,0.545454545,0,0,normal
141620.0311,0.208927464,0.342105263,0.605263158,normal
96720.33851,0.370242215,0,0.068965517,normal
787191.4524,0.773255814,0,0.571428571,normal
348856.8591,0.553571429,1.03030303,0.393939394,normal
134157.9493,0.557251908,0.25,0.291666667,normal
90314.55536,0.162162162,0.035714286,0.142857143,normal
559162.7424,0.771366594,0.272727273,0.045454545,normal
128062.4623,0.529171529,0.131578947,0.421052632,normal
1079115.172,0.620689655,0.25,0.25,normal
18177.34097,0.468005154,0.041666667,0.458333333,normal
141217.8429,0.491549296,0.384615385,0.192307692,normal
222597.9986,0.341880342,0.2,0.2,normal
170164.8112,0.451417004,0.043478261,0.02173913,normal
116762.1524,0.705555556,0.071428571,0.071428571,normal
104069.5512,0.220943613,0.243902439,0.487804878,normal
216776.1278,0.715053763,0,0.333333333,normal
110041.7667,0.546391753,0.05,0.25,normal
432474.1391,0.454390452,0.103448276,0.034482759,normal
144925.6202,0.134515891,0,0,normal
56339.88802,0.112787927,0.25,0.15625,normal
302088.6603,0.403096636,0.102564103,0.102564103,normal
84372.65833,0.276785714,0,0,normal
375830.5225,0.633196072,0,0.35,normal
369536.3506,0.498659517,0.066666667,0.266666667,normal
23286.88381,0.412121212,0.114285714,0.228571429,normal
82574.75833,0.112449799,0,0.038461538,normal
214105.7494,0.731803279,0.689655172,0.827586207,normal
9234.441975,0.303809229,0.037037037,0.37037037,normal
194635.5211,0.729811321,0.1,0.133333333,normal
408254.5895,0.582971619,0.62962963,0.444444444,normal
67691.59274,0.48669695,0.205128205,0.179487179,normal
975002.3477,0.481481481,0.136363636,0.409090909,normal
26275.06286,0.002998646,0.114285714,0.114285714,normal
475434.0881,0.544080605,0.238095238,0.095238095,normal
141538.7,0.603041825,1.4,1.2,normal
310807.7321,0.369077307,0.128205128,0.282051282,normal
502278.4962,0.482972136,0.032258065,0.290322581,normal
227639.8461,0.482824427,0.029411765,0.117647059,normal
129425.998,0.474099655,0.333333333,0.181818182,normal
54613.9523,0.280783582,0,0.034482759,normal
399058.6324,0.534686971,0.111111111,0.111111111,normal
20144.05988,0.091583571,0.185185185,0.333333333,normal
416689.5395,0.490601504,0.185185185,0.185185185,normal
240505.5929,0.413043478,0.038461538,0.192307692,normal
13195.44167,0.379310345,0.071428571,0.285714286,normal
53157.65614,0.699790063,0.421052632,0.815789474,normal
180489.3833,0.48,0,0.142857143,normal
193511.5639,0.170040486,0.041666667,0,normal
85985.17857,0.391304348,0,0.285714286,normal
28982.73381,0.431777379,0.542857143,0.685714286,normal
170400.3167,0.561904762,0.8,0.4,normal
276094.5957,0.493181818,0.129032258,0.129032258,normal
36276.73188,0.220693451,0.173913043,0,normal
184811.0548,0.415157293,0.111111111,0.177777778,normal
702173.1536,0.568627451,0.142857143,0.642857143,normal
248103.6034,0.411111111,0.102564103,0.076923077,normal
425495.2535,0.498357065,0.083333333,0.125,normal
362581.0708,0.536830357,0.083333333,0.375,normal
629055.8352,0.654440154,0.074074074,0.074074074,normal
11381.72843,0.011732378,0.323529412,0.852941176,normal
52474.64409,0.65158546,0.548387097,0.290322581,normal
30738.30354,0.579885637,0.242424242,0.424242424,normal
17846.66159,0.082470481,0.130434783,0.086956522,normal
97135.30991,0.581775701,0.081081081,0.243243243,normal
387559.6764,0.510433387,0,0.25,normal
53191.944,0.740091463,0,0.28,normal
76705.92099,0.477979275,0.37037037,0.888888889,normal
96291.50833,0.495169082,0.075,0.375,normal
330620.8339,0.491071429,0.833333333,0.4,normal
249241.085,0.773953488,0.5,1,normal
32185.825,0.743902439,2.5,0.5,normal
16732.79,0.479577126,0,0.04,normal
707495.4542,0.766283525,1.5,0.875,normal
29102.51143,0.163038839,0.028571429,0.057142857,normal
31537.25833,0.738219895,0.5,0,normal
549998.1556,0.275862069,0.277777778,0.222222222,normal
50848.04853,0.438596491,0.147058824,0.529411765,normal
83714.6298,0.479699248,0.060606061,0.151515152,normal
13614.98186,0.402370203,0.088235294,0.058823529,normal
53806.18,0.285945073,0.6,0.5,normal
4935.660294,0.255524307,0.264705882,0.323529412,normal
202003.7194,0.682242991,0,0,normal
3693.834444,0.486538257,0,0.9,normal
281072.9412,0.267029973,0.176470588,0.117647059,normal
202983.2322,0.628820961,0.5,0.466666667,normal
408270.4877,0.521787709,0,0,normal
323912.0833,0.442713107,0.2,0.32,normal
368597.8091,0.322090437,0.214285714,0.547619048,normal
195827.2313,0.28057554,0.36,0.28,normal
712952.1817,0.783618582,0.258064516,0.193548387,normal
283062.0772,0.413479053,0.111111111,0,normal
154461.1247,0.198360656,0.2,0.32,normal
625612.8067,0.661996497,0.2,1,normal
8954.823232,0.426436782,0,0.272727273,normal
289955.2688,0.535652174,0.205128205,0.461538462,normal
284490.3121,0.402479339,0.272727273,0.363636364,normal
9422.174762,0.218944099,0.028571429,0.028571429,normal
241827.2065,0.586350975,0,0.161290323,normal
151868.9098,0.248796148,0.206896552,0.206896552,normal
58343.175,0.571428571,0,0,normal
26296.0307,0.056129985,0,0.052631579,normal
393162.8369,0.59450458,0.393939394,0.757575758,normal
300298.8473,0.487277354,0.064516129,0.161290323,normal
620919.5567,0.598230088,0.48,0.36,normal
92840.61127,0.601145038,0.147058824,0.205882353,normal
65341.38391,0.620846906,0.068965517,0.24137931,normal
513705.3926,0.627184466,0.074074074,0.296296296,normal
489559.2489,0.69379845,0.066666667,0.066666667,normal
116928.8574,0.819935691,0.305555556,0.777777778,normal
322113.5435,0.544901777,0.333333333,0.111111111,normal
15805.84514,0.310385523,0.583333333,0.291666667,normal
322932.26,0.65625,0,0.2,normal
363363.374,0.516339869,0.058823529,0.529411765,normal
746096.5938,0.669082126,0.25,0.25,normal
99297.34615,0.273234201,0,0.179487179,normal
14092.275,0.382978723,0,0,normal
144206.4817,0.527665135,0.380952381,0.095238095,normal
280020.5667,0.583011583,0.166666667,0.166666667,normal
209377.778,0.798696007,0.107142857,0.464285714,normal
79075.1518,0.523854962,0.216216216,0.783783784,normal
554817.4017,0.757793765,0.379310345,0.620689655,normal
91001.92188,0.176963185,0.28125,0.34375,normal
124535.8086,0.112790698,0.114285714,0.457142857,normal
199101.941,0.630687831,0.085714286,0,normal
215670.9936,0.434944238,0.058823529,0.205882353,normal
476505.3056,0.590425532,0.066666667,1,normal
301251.2847,0.639204545,0,0,normal
12296.2899,0.315499173,0.03030303,0.181818182,normal
170108.3776,0.575418994,0.657142857,0.228571429,normal
244160.5491,0.496453901,0,0.166666667,normal
179065.4024,0.624531835,0,0.028571429,normal
21694.72824,0.56656535,0,0.194444444,normal
338119.3295,0.441176471,1.076923077,0.615384615,normal
77668.15602,0.303030303,0,0.277777778,normal
70296.88016,0.384259259,0,0.238095238,normal
358913.6542,0.548484848,0.15625,0.1875,normal
227230.0589,0.478750165,0.15625,0.125,normal
182142.906,0.587752054,0.285714286,0.071428571,normal
913642.9095,0.527950311,0.571428571,0.428571429,normal
237458.9316,0.902164112,0.75862069,0.275862069,normal
304468.4463,0.444483609,0.3,0.6,normal
122301.8239,0.468290935,0.652173913,0.347826087,normal
116166.584,0.557840617,0.074074074,0.148148148,normal
428356.7633,0.635220126,0.4,0.4,normal
398419.9375,0.703296703,0,1.25,normal
79109.33391,0.61588181,0.172413793,0.344827586,normal
104642.0556,0.456521739,0.333333333,0.333333333,normal
175497.2149,0.336719884,0.027027027,0.054054054,normal
125597.0281,0.43,0.085714286,0.057142857,normal
52789.70652,0.46122449,0,0.217391304,normal
61624.48441,0.614285714,0,0.225806452,normal
150500.2407,0.666666667,0.111111111,0.666666667,normal
220724.9683,0.549358617,0.129032258,0.258064516,normal
3052.597967,0.517211704,0.414634146,0.268292683,normal
74461.31344,0.182,0,0.161290323,normal
111041.0567,0.622754491,0.08,0.08,normal
24592.0798,0.394794606,0.090909091,0.272727273,normal
291896.7131,0.507602862,0.702702703,0.513513514,normal
487145.2342,0.557142857,0.25,0.2,normal
173147.9049,0.438670695,0.041666667,0.125,normal
577384.9775,0.634782609,0.176470588,0.117647059,normal
238858.5776,0.591412742,0.125,0.9375,normal
505817.9083,0.583333333,0,0.5,normal
14061.20733,0.380712788,0.28,0.2,normal
313188.5213,0.183447549,0.172413793,0.206896552,normal
266798.759,0.488621151,0.041666667,0.291666667,normal
51661.5328,0.603114318,0.129032258,0.64516129,normal
144681.9476,0.514106583,0.114285714,0.057142857,normal
422516.0088,0.611764706,0.725,0.175,normal
28449.19314,0.456395349,0,0.294117647,normal
67440.37564,0.657462196,0.282051282,0.461538462,normal
40113.45439,0.131578947,0,1,normal
152195.0613,0.496902107,0,0.321428571,normal
45198.46912,0.4,0.235294118,0.058823529,normal
10124.07533,0.20657277,0.36,0.32,normal
119351.9626,0.528776978,0.054054054,0.108108108,normal
35147.20625,0.240231548,0,0,normal
7271.12381,0.500316037,0.642857143,0.857142857,normal
268063.6811,0.300665188,0.466666667,0.233333333,normal
571005.085,0.393188854,0,0.1,normal
317938.4101,0.476691729,0,0.151515152,normal
602456.9224,0.574162679,0.125,0.125,normal
898040.0905,0.754237288,0.142857143,0.142857143,normal
52632.20208,0.537300178,0.125,0.208333333,normal
46514.96,0.579661017,0,0,normal
92911.18712,0.296539847,0.090909091,0.5,normal
317676.2117,0.639405204,0,0.033333333,normal
931457.725,0.84317032,0.357142857,0.357142857,normal
567297.5104,0.4,1,0.75,normal
43654.51235,0.420634921,0.074074074,0.111111111,normal
370667.2881,0.620155039,0,0,normal
55850.59804,0.483821263,0.117647059,0.264705882,normal
334252.8401,0.567269076,0.259259259,0.333333333,normal
257751.9462,0.267299864,0.193548387,0.516129032,normal
43048.87798,0.405235602,0,0.714285714,normal
178983.9118,0.79679803,0.677419355,0.258064516,normal
31399.83267,0.467948718,0.04,0.2,normal
22605.3619,0.39673913,0,0,normal
339259.8917,0.922779923,0.5,0.5,normal
130744.0167,0.233215548,0.137931034,0.310344828,normal
45125.04596,0.588492808,0,0,normal
135354.9039,0.540540541,0.5,0.233333333,normal
33707.08274,0.354055367,0.142857143,0.25,normal
253994.558,0.413162706,0.185185185,0.148148148,normal
188381.3705,0.502901354,0.076923077,0.153846154,normal
219958.0149,0.431703204,0.321428571,0.5,normal
212818.1037,0.49497992,0.148148148,0.37037037,normal
486066.781,0.505467801,1.24137931,1,normal
84751.8784,0.370967742,0.037037037,0.185185185,normal
963033.9263,0.673062164,0.307692308,0.5,normal
58346.81798,0.432999088,0.052631579,0.105263158,normal
332695.4108,0.569491525,0.147058824,0.029411765,normal
149825.3304,0.650912106,0.029411765,0.205882353,normal
22987.55684,0.232673267,0,0.358974359,normal
107837.4576,0.267735965,0,0.085714286,normal
89968.23978,0.363636364,0,0.35483871,normal
810.4016667,0.258823529,0.566666667,0.033333333,normal
92587.42692,0.828571429,0,0.153846154,normal
58743.2509,0.595108696,0.081081081,0.189189189,normal
32703.45926,0.375862069,0.138888889,0.166666667,normal
1097860.341,0.626548673,0.222222222,0.111111111,normal
285697.0657,0.783625731,0.428571429,0.228571429,normal
708314.036,0.424528302,0.032258065,0.096774194,normal
173880.9012,0.308219178,0.536585366,0.292682927,normal
19290.07135,0.3575,0,0.125,normal
440997.7892,0.65437788,0.264705882,0.411764706,normal
104272.5014,0.196954315,0.043478261,0.391304348,normal
26423.41322,0.47327653,0.068965517,0.034482759,normal
61194.45247,0.471947195,0.185185185,0.37037037,normal
378238.6417,0.506024096,0,1,normal
216174.1007,0.300236407,0.04,0.24,normal
481014.1405,0.836923077,0.714285714,0.5,normal
123598.2974,0.381313131,0.131578947,0.157894737,normal
90489.13467,0.406213365,0.08,0.04,normal
276043.7787,0.533390411,0.103448276,0.137931034,normal
61129.09954,0.29434954,0.055555556,0.138888889,normal
64104.16222,0.449460255,0,0.4,normal
203027.0889,0.595092025,0,0.666666667,normal
99014.1702,0.568331762,0.151515152,0.212121212,normal
200918.7284,0.496805112,0.027027027,0.27027027,normal
30956.815,0.551906485,0.55,0.75,normal
121939.71,0.51300578,0.057142857,0.428571429,normal
326453.6225,0.428571429,0.058823529,0.264705882,normal
320962.2132,0.550146056,0.034482759,0.068965517,normal
189632,0.822580645,0,0.636363636,normal
1293667.857,0.507272727,0.2,0.666666667,normal
165088.9822,0.481201587,0.666666667,0.266666667,normal
33286.06358,0.268111036,0.074074074,0.296296296,normal
450567.2324,0.472837022,0.189189189,0.216216216,normal
226110.0614,0.47601476,0.263157895,0.105263158,normal
1744.583929,0.504093199,0.071428571,0.607142857,normal
306145.4173,0.344444444,0.2,0.04,normal
41980.54167,0.478319783,0.125,0.1875,normal
1131642.198,0.64305835,0,0.441176471,normal
14891.80437,0.432037275,0.142857143,0.261904762,normal
89224.05657,0.503896104,0.090909091,0.303030303,normal
54407.6131,0.059835745,0,0.25,normal
821626.4976,0.604895105,0.214285714,0.392857143,normal
102459.624,0.485576923,0.024390244,0.170731707,normal
179819.6762,0.749536178,0.071428571,0.285714286,normal
379237.8878,0.628042843,0.6,0.2,normal
13545.15101,0.06362979,0.121212121,0.151515152,normal
249322.5026,0.46254459,0.1875,0.125,normal
109797.123,0.259980526,0.176470588,0.441176471,normal
249017.7368,0.684665227,0.029411765,0.147058824,normal
274753.9948,0.681360202,0.59375,0.28125,normal
188403.4667,0.086631486,0.368421053,0.157894737,normal
942048.1535,0.549450549,0.421052632,0.631578947,normal
551546.4833,0.863965268,0,1,normal
196688.0653,0.64985451,0.055555556,0.194444444,normal
270299.2235,0.458333333,0,0.029411765,normal
369588.486,0.501519757,0.16,0.12,normal
30535.40714,0.052721088,0.095238095,0.333333333,normal
37084.7891,0.308684437,0.307692308,0.384615385,normal
98154.32143,0.54589372,0,0,normal
63321.41198,0.386888273,0.0625,0.40625,normal
877743.5067,0.611764706,1.4,0.4,normal
22362.1275,0.187706543,0.15,0.1,normal
21540.66566,0.344120328,0.212121212,0.303030303,normal
63755.08294,0.40203933,0,0.023809524,normal
739930.4111,0.531772575,0.19047619,0.047619048,normal
103239.0161,0.302783435,0,0.28125,normal
336327.3021,0.681818182,0,0.75,normal
72481.9957,0.030154768,0.064516129,0.419354839,normal
55951.75968,0.504545455,0,0.193548387,normal
55290.02143,0.316876122,0.114285714,0.028571429,normal
152937.4231,0.689873418,0.888888889,0.055555556,normal
56375.80051,0.470848708,0.060606061,0.151515152,normal
784148.1949,0.240437158,0.384615385,0.076923077,normal
4731.761905,0.015681882,0.035714286,0.285714286,normal
13904.6825,0.026215805,0.1,0.3,normal
349830.9641,0.765601218,0.923076923,0.538461538,normal
134717.3907,0.409961686,0,0.333333333,normal
13258.9641,0.351711027,0,0.205128205,normal
35651.70694,0.375,0.541666667,0.208333333,normal
14622.49861,0.495145631,0,0.305555556,normal
80333.15536,0.550578035,0,0.107142857,normal
97983.2454,0.086590038,0.034482759,0.206896552,normal
132891.6995,0.487329435,0,0.032258065,normal
809443.1568,0.348580442,0.259259259,0.481481481,normal
339864.43,0.327495622,0.3,0,normal
69841.79103,0.684388594,1,0.846153846,normal
69332.8957,0.464467005,0.032258065,0.225806452,normal
120233.5122,0.399090909,0.033333333,0.066666667,normal
416015.3256,0.824701195,0.178571429,0,normal
388628.1413,0.16548881,0.142857143,0.238095238,normal
134529.6153,0.58490566,0.351351351,0.081081081,normal
74229.30875,0.714804064,0.55,0.45,normal
681586.4255,0.693467337,0.294117647,0.088235294,normal
123549.3647,0.285399449,0.04,0.2,normal
103352.4452,0.476578411,0.085714286,0.142857143,normal
365376.9419,0.510385757,0.393939394,0.333333333,normal
85069.05054,0.328061455,0.161290323,0.483870968,normal
475429.3315,0.77568741,0.666666667,0.777777778,normal
23508.0619,0.078610603,0.142857143,0.428571429,normal
110653.4422,0.531993205,0.139534884,0.186046512,normal
315817.5283,0.507389163,0.086956522,0.086956522,normal
31908.36286,0.003981256,0.057142857,0.085714286,normal
252713.2068,0.63943662,0.185185185,0.259259259,normal
18931.75588,0.619607843,0.352941176,0.529411765,normal
54192.33434,0.485106383,0.181818182,0.212121212,normal
105592.1,0.61060049,0,0.25,normal
637882.5786,0.700892857,0.035714286,0.035714286,normal
23522.12778,0.372420735,0.285714286,0.238095238,normal
130075.1161,0.451612903,0.035714286,0.214285714,normal
183026.9799,0.224215247,4.103448276,0.034482759,normal
151509.6716,0.474770642,0.027027027,0.459459459,normal
255162.4411,0.558951965,0.035714286,0.428571429,normal
1001946.767,0.850909091,0.666666667,0.666666667,normal
964151.1593,0.515104967,0.666666667,0.444444444,normal
111863.8139,0.49025974,0.25,0.208333333,normal
198949.9201,0.588184932,0.128205128,0.282051282,normal
97640.40179,0.440712817,0.035714286,0,normal
38142.64345,0.320634921,0.071428571,0.285714286,normal
8916.488272,0.286784537,0.111111111,0.296296296,normal
162560.019,0.795833333,0,0.571428571,normal
85997.98155,0.250999201,0.035714286,0.25,normal
213761.7828,0.048061113,0.033333333,0.033333333,normal
151763.0958,0.636792453,0,0.25,normal
850596.5009,0.517615176,0.388888889,0.055555556,normal
592793.7038,0.504273504,0.225806452,0.161290323,normal
712618.6905,0.78,0.142857143,0.214285714,normal
1269886.219,0.603238866,0,1,normal
175443.3486,0.489932886,0,0.057142857,normal
22771.24314,0.232876712,0.088235294,0.176470588,normal
26009.42184,0.292959879,0.172413793,0.310344828,normal
44499.49425,0.520689655,0.137931034,0.24137931,normal
27312.63696,0.316691505,0.869565217,0.608695652,normal
183474.2933,0.592105263,0,0.1,normal
257926.251,0.518298714,0.393939394,0.272727273,normal
106458.9806,0.568845619,0.2,0.2,normal
160186.1157,0.395283019,0.545454545,0.393939394,normal
32552.43,0.24463319,0.1,0.533333333,normal
236949.4431,0.374233129,0.147058824,0.088235294,normal
55646.98238,0.369565217,0.057142857,0.314285714,normal
281337.0557,0.450696056,0,0.03125,normal
176870.5771,0.494216614,0.083333333,0.166666667,normal
56530.85753,0.525082508,0.096774194,0.387096774,normal
309701.5257,0.522123894,0.189189189,0.405405405,normal
178061.5313,0.319455564,0,0.125,normal
11205.37244,0.267220584,0.269230769,0.076923077,normal
152479.1556,0.491150442,0.256410256,0.102564103,normal
11798.86923,0.103506787,0.346153846,0.692307692,normal
121144.4056,0.430615165,0.111111111,0.416666667,normal
36581.92108,0.376,0.117647059,0.088235294,normal
344714.3762,0.634408602,0.285714286,0.285714286,normal
50447.1955,0.519794014,0.324324324,0.189189189,normal
102240.8732,0.459830867,0.121212121,0.606060606,normal
303938.3212,0.33378654,0,0.384615385,normal
634138.0344,0.405660377,0.333333333,0.4,normal
251955.8405,0.479868529,0,0.25,normal
35447.05722,0.400243309,0.266666667,0.533333333,normal
350920.9515,0.546682325,1.045454545,0.636363636,normal
197820.8301,0.561315496,0.193548387,0.096774194,normal
154186.3481,0.359102244,0.333333333,0,normal
664932.3889,0.888888889,0.333333333,0,normal
11699.13476,0.352112676,0,0.028571429,normal
344756.1717,0.649612403,0.173913043,0.304347826,normal
41916.4651,0.522012579,0,0.125,normal
87432.41759,0.78668542,0,0.055555556,normal
841854.3091,0.379032258,0.272727273,0.272727273,normal
350156.7873,0.301245753,0.12,0.32,normal
565259.5792,0.517725753,0.333333333,0.5,normal
830894.5651,0.212669683,0.483870968,0.225806452,normal
239594.2444,0.879581152,0.333333333,0.333333333,normal
29266.04032,0.425320057,0.129032258,0.161290323,normal
126571.1559,0.482323232,0.176470588,0.235294118,normal
94462.79144,0.363906792,0.081081081,0.135135135,normal
59267.11979,0.404924761,0.125,0.09375,normal
207693.5792,0.602222222,0,0,normal
750847.1623,0.186170213,0.074074074,0.148148148,normal
119761.5635,0.490526316,0,0.09375,normal
204700.2256,0.911688312,0.153846154,0.307692308,normal
377235.9039,0.842285714,0.366666667,0.666666667,normal
296220.2878,0.875945537,0.266666667,1.066666667,normal
162460.9967,0.51396648,0,0.44,normal
66457.80655,0.424537037,0.107142857,0.142857143,normal
32757.17312,0.083024463,0,0.129032258,normal
96148.58925,0.412280702,0,0.064516129,normal
212389.2697,0.516574586,0.025641026,0.333333333,normal
261967.5,0.614512472,3.090909091,0.818181818,normal
108743.3321,0.511708586,0.444444444,0.222222222,normal
98479.70867,0.291519435,0.08,0.28,normal
212510.6533,0.098702764,0.333333333,0.633333333,normal
108874.295,0.465994962,0,0.133333333,normal
18599.79394,0.365529208,0.121212121,0.181818182,normal
576485.8211,0.387446726,0.488888889,0.244444444,normal
68348.92099,0.331887202,0.222222222,0.407407407,normal
109792.0524,0.741137124,0.928571429,0.857142857,normal
85709.54583,0.875,0.125,0.75,normal
106925.477,0.384653465,0.034482759,0.103448276,normal
69795,0.534653465,0.096774194,0.258064516,normal
717496.3787,0.780373832,0.413793103,0.275862069,normal
110662.1744,0.319491305,0.282051282,0.307692308,normal
415575.6306,0.593406593,0,0.166666667,normal
275693.0408,0.217391304,0,0.2,normal
288454.9101,0.328888889,0.090909091,0.03030303,normal
53148.12667,0.414878398,0,0.3,normal
59956.08778,0.570557491,0.155555556,0.288888889,normal
294013.7194,0.693069307,0.166666667,0,normal
198851.4667,0.795795796,1.222222222,0.111111111,normal
132151.5949,0.707664884,0.055555556,0.416666667,normal
22499.91583,0.399046105,0,0.35,normal
102673.9308,0.687804878,0.153846154,0.153846154,normal
91245.02222,0.484872933,0.076923077,0.128205128,normal
151230.4823,0.631944444,0.419354839,0.322580645,normal
291959.7627,0.535369775,0.647058824,0.264705882,normal
197898.6967,0.253272624,0.285714286,0.2,normal
250789.0265,0.395348837,0.128205128,0.333333333,normal
110969.4333,0.395989975,0,0.076923077,normal
23718.46814,0.046713287,0,0.176470588,normal
304537.7693,0.638088783,0.131578947,0.026315789,normal
995958.7284,0.426587302,0.235294118,0.117647059,normal
298152.3377,0.220338983,0.117647059,0.176470588,normal
44073.5275,0.496031746,0.1,0.25,normal
497814.8438,0.250175193,0.5,0.125,normal
432013.242,0.362068966,0.310344828,0.344827586,normal
167471.0116,0.604743083,0,0.121212121,normal
51740.41882,0.365236524,0.290322581,0.161290323,normal
39719.40857,0.131778058,0.457142857,0.228571429,normal
465612.2143,0.601503759,0.285714286,0.4,normal
260294.8028,0.478991597,0.133333333,0.133333333,normal
119446.1137,0.752265861,0.035714286,0.285714286,normal
808234.1864,0.716118685,0.181818182,0.363636364,normal
27049.31667,0.41025641,0,0.103448276,normal
692893.1433,0.549242424,1.1,0.1,normal
626145.9583,0.362359551,1.166666667,0,normal
176122.8826,0.387096774,0.155555556,0.111111111,normal
16415.55376,0.271386431,0,0,normal
191604.8546,0.502157032,0.027777778,0.25,normal
152658.2146,0.419259259,0.6875,0.15625,normal
178022.0881,0.490230906,0.057142857,0.057142857,normal
455502.5255,0.483834373,0.647058824,0.617647059,normal
206323.8611,0.418238994,0.051282051,0.384615385,normal
28234.93803,0.427545692,0.230769231,0.102564103,normal
183264.5637,0.525089606,0.321428571,0.357142857,normal
9515.568817,0.286820096,0.161290323,0.129032258,normal
211335.1851,0.343311506,0,0.108108108,normal
173882.3817,0.5997151,0,0.35,normal
371882.4693,0.490861619,0.09375,0.1875,normal
67512.6046,0.420767717,0,0.206896552,normal
174390.5833,0.537174721,0.052631579,0.157894737,normal
573901.6925,0.611111111,0.95,0.45,normal
456516.4566,0.523746898,0.060606061,0.878787879,normal
221122.0985,0.425806452,0,0.181818182,normal
141777.8217,0.319639279,0,0.225,normal
125623.5716,0.198731501,0.037037037,0.037037037,normal
183923.25,0.481132075,0,0,normal
50101.39792,0.72494382,0.34375,0.3125,normal
67228.87778,0.548387097,0.033333333,0.2,normal
28274.09896,0.54998128,0.34375,0.46875,normal
220193.6894,0.466611018,0.277777778,0.111111111,normal
94660.20072,0.259475219,0.260869565,0.434782609,normal
116115.4629,0.496732026,0.257142857,0.257142857,normal
344620.4898,0.515108925,0.290322581,0.225806452,normal
40133.32321,0.441037736,0,0,normal
19829.37429,0.298200514,0.028571429,0.2,normal
377044.4544,0.485584219,0.029411765,0.117647059,normal
52394.6256,0.457295374,0.178571429,1.035714286,normal
36497.53815,0.362637363,0.022222222,0.133333333,normal
442345.7278,0.426315789,0,0,normal
321961.6562,0.241098678,0.2,0.428571429,normal
281975.3477,0.4,0.172413793,0.310344828,normal
465889.0685,0.238185255,0.243243243,0.405405405,normal
230159.2284,0.251829268,0.441176471,0.352941176,normal
73203.63333,0.782396088,0,0,normal
152552.6395,0.45805981,0.037037037,0.333333333,normal
168088.3093,0.712676056,0.235294118,0.294117647,normal
389570.3012,0.7696793,0.321428571,0.107142857,normal
137231.5678,0.102839117,0.655172414,0.689655172,normal
286295.2417,0.55216285,0,0,normal
72035.19138,0.490107172,0.068965517,0.448275862,normal
479295.2261,0.448227936,0.266666667,0.466666667,normal
156103.3056,0.493055556,0.151515152,0.333333333,normal
110983.9535,0.602425876,0.090909091,0.303030303,normal
316134.99,0.467450271,0.2,0.457142857,normal
408816.9519,0.439526898,0.046511628,0.255813953,normal
714629.9302,0.596330275,0.125,0.3125,normal
297869.7781,0.517123288,0.125,0.0625,normal
284647.4104,0.860294118,0,0.625,normal
144806.3938,0.38221709,0,0,normal
153737.1583,0.423487544,0.272727273,0.090909091,normal
51521.69839,0.303196642,0.290322581,0.322580645,normal
843515.7567,0.600666667,0.2,0.1,normal
189841.9729,0.598549354,0,0.083333333,normal
172125.0389,0.369432272,0.166666667,0.833333333,normal
197513.0698,0.651515152,0.1875,1,normal
100813.9984,0.498220641,0,0.047619048,normal
728296.1839,0.561403509,0.666666667,0.633333333,normal
581903.25,0.685897436,0.5,0.3,normal
132756.9651,0.73139881,0.860465116,0.23255814,normal
311089.8985,0.681081081,0.272727273,0.090909091,normal
348405.4042,0.397350993,0.15,0.25,normal
45641.13095,0.476415094,0,0.057142857,normal
78816.30686,0.103160726,0.058823529,0.5,normal
139384.9071,0.510638298,0.19047619,0.380952381,normal
25803.72222,0.770318021,0,0.333333333,normal
40474.44857,0.502418798,0.085714286,0.171428571,normal
87346.90657,0.673751687,0.151515152,0.212121212,normal
101727.7955,0.435051546,0.292682927,0.365853659,normal
324333.6057,0.503412969,0.390243902,0.512195122,normal
54756.21292,0.468704512,0.25,0.2,normal
246968.1083,0.678030303,0.5,0.333333333,normal
144261.4286,0.386315789,0.464285714,0.25,normal
163660.0196,0.719399538,0.235294118,0.264705882,normal
53355.43226,0.387019231,0.096774194,0.290322581,normal
660539.45,0.748091603,1,1.5,normal
25068.23485,0.451141018,0,0,normal
183987.1911,0.544761905,0.066666667,0.066666667,normal
173740.0391,0.014874697,0.130434783,0.043478261,normal
112034.592,0.470430108,0.043478261,0.173913043,normal
893862.2292,0.653450808,0,0.25,normal
150452.1519,0.49201278,0.111111111,0.222222222,normal
389152.9458,0.653097345,0.40625,0.1875,normal
36134.31275,0.429752066,0.088235294,0.294117647,normal
55801.45083,0.223085461,0.325,0.3,normal
74674.86607,0.492679822,0.071428571,0.357142857,normal
320827.8844,0.487179487,0.266666667,0.2,normal
507510.1833,0.88538206,0.823529412,0,normal
124353.0348,0.491075135,0.333333333,0.303030303,normal
147635.431,0.453350854,0.035714286,0,normal
31539.94242,0.38405014,0.151515152,0.272727273,normal
146102.6281,0.648894668,0.28125,0.65625,normal
192507.4839,0.056656905,0.166666667,0.7,normal
678913.3701,0.311724138,0.166666667,0.208333333,normal
466947.2994,0.319238095,0.2,0.133333333,normal
483345.9833,0.537848606,0,0.5,normal
406076.1326,0.685882353,0.666666667,0.5,normal
34624.22778,0.64652568,0,0,normal
457306.1167,0.261780105,0.333333333,0.416666667,normal
16588.69069,0.4832,0.117647059,0.235294118,normal
260356.5167,0.775158658,0.625,0.75,normal
121667.3767,0.617816092,0.066666667,0.2,normal
25302.35556,0.301149425,0.041666667,0.291666667,normal
63905.79917,0.585292345,0,0.35,normal
321277.0042,0.494004796,0.09375,0.21875,normal
84898.80152,0.712283044,0.484848485,0.303030303,normal
198935.5068,0.331378299,0.027027027,0.27027027,normal
74936.39574,0.598052851,0.581395349,0.209302326,normal
223303.6243,0.340425532,0.083333333,0.25,normal
144868.7857,0.085173804,0.139534884,0.209302326,normal
225034.1667,0.453333333,0.03030303,0.242424242,normal
24734.85714,0.293868922,0.085714286,0.028571429,normal
245951.4314,0.803108808,0,0.076923077,normal
764064.25,0.524904215,0.714285714,0.714285714,normal
105910.457,0.668148972,0,0.096774194,normal
914580.9595,0.777127244,0,0.428571429,normal
33129.66429,0.110613599,0.085714286,0.2,normal
87019.8875,0.756633813,0.1875,0.25,normal
16874.31905,0.604904632,0.071428571,0.142857143,normal
44996.10509,0.513846154,0,0.277777778,normal
643869.2823,0.514195584,0.34375,0.40625,normal
87615.59444,0.032217573,0.090909091,0.121212121,normal
21494.60051,0.17454955,0.121212121,0.090909091,normal
210362.875,0.766089109,0.433333333,0.133333333,normal
307868.6595,0.505376344,0.351351351,0.027027027,normal
74431.51389,0.908077994,0.333333333,0.166666667,normal
201091.2885,0.327821294,0.807692308,0.961538462,normal
212856.8346,0.313274336,0.769230769,0.384615385,normal
14053.71951,0.541009464,0.585365854,0.341463415,normal
99725.17024,0.498823529,0.071428571,0.071428571,normal
208379.825,0.781818182,0.166666667,0.583333333,normal
12566.34023,0.110810811,0.275862069,0.379310345,normal
521318.8244,0.825396825,0.4,0.2,normal
65510.48056,0.477966102,0.111111111,0.111111111,normal
342121.8833,0.815689981,1,0.666666667,normal
27708.71417,0.490223793,0.25,0.55,normal
157640.0296,0.626582278,0.074074074,0.148148148,normal
101270.8179,0.123167392,0.35,0.325,normal
179566.6081,0.481410256,0.032258065,0.064516129,normal
410459.4405,0.692934783,0.392857143,0.5,normal
207252.2,0.638522427,0,0,normal
10610.06563,0.051499348,0.03125,0.21875,normal
639425.4833,0.784765279,1.5,1,normal
13631.65571,0.121338912,0.057142857,0.257142857,normal
335113.9224,0.412087912,0.078947368,0.157894737,normal
28082.11524,0.522773902,0.257142857,0.314285714,normal
54299.59268,0.377251185,0.048780488,0.414634146,normal
69919.66131,0.457746479,0.428571429,0.178571429,normal
80713.7869,0.487179487,0,0.035714286,normal
436026.9824,0.578794902,0.27027027,0.135135135,normal
398016.971,0.377284595,0.258064516,0.387096774,normal
229116.2333,0.439690302,0.181818182,0.727272727,normal
660898.7232,0.41372549,0.357142857,0.178571429,normal
257760.7425,0.46875,0.275862069,0.172413793,normal
12632.852,0.426267281,0.04,0.04,normal
41700.09298,0.46514936,0,0.210526316,normal
5208.094841,0.006799688,0.071428571,0.19047619,normal
116149.2493,0.780451128,0.208333333,0.166666667,normal
211941.1775,0.457416268,0.130434783,0.043478261,normal
109507.6222,0.444444444,0,0,normal
70347.08065,0.603719599,0.451612903,0.193548387,normal
85881.07202,0.544169611,0,0.464285714,normal
176090.5286,0.419975933,0.085714286,0.885714286,normal
157293.0899,0.563926941,0.142857143,0.357142857,normal
116427.7704,0.459201389,0,0.322580645,normal
9492.825,0.398043554,0.625,0.708333333,normal
42025.85893,0.606363636,0.25,0.142857143,normal
43244.51618,0.52295829,0.088235294,0.352941176,normal
139454.599,0.359486448,0.057142857,0.228571429,normal
353125.13,0.519125683,0.2,0.2,normal
24126.53095,0.367908309,0.107142857,0.321428571,normal
39547.11845,0.460030166,0.035714286,0.071428571,normal
458107.619,0.626062323,0.142857143,0.214285714,normal
51257.23011,0.287206266,0.032258065,0.193548387,normal
118379.1179,0.644827586,0.564102564,0.230769231,normal
61753.93542,0.309327037,0.083333333,0.291666667,normal
180208.8348,0.083274324,0.03030303,0.060606061,normal
13964.60667,0.214808437,0,0.1,normal
1510169.665,0.51483871,0.428571429,0.571428571,normal
534812.8267,0.455261015,0.133333333,0.5,normal
498965.6889,0.588737201,0.333333333,0,normal
350542.9167,0.694444444,0,0.25,normal
993965.4967,0.53307393,0.1,0.6,normal
217894.4545,0.393336218,0.807692308,0.423076923,normal
110403.7161,0.364829396,0.206896552,0.689655172,normal
341768.1553,0.46031746,0.72,0,normal
286935.7176,0.421875,0.5,0.555555556,normal
86608.90111,0.516853933,0.433333333,0.033333333,normal
51910.78172,0.45995785,0.064516129,0.064516129,normal
117175.6768,0.488970588,0.043478261,0,normal
214919.5853,0.444444444,0.294117647,0.176470588,normal
259069.9121,0.408719346,0.137931034,0.310344828,normal
13135.61667,0.547297297,0,0,normal
250667.6771,0.277674935,0.285714286,0.257142857,normal
547821.3333,0.663551402,0.4,0.4,normal
25172.22654,0.335483871,0.148148148,0.407407407,normal
81287.2963,0.704081633,0.166666667,0.611111111,normal
631577.8672,0.678644764,1.117647059,0.235294118,normal
158680.3967,0.598013817,0.16,0,normal
113944.0588,0.488095238,0.025,0.125,normal
683716.0763,0.497765555,0.578947368,0.421052632,normal
29873.93851,0.48065948,0.034482759,0.103448276,normal
41017.50833,0.455,0,1,normal
291035.7958,0.49928264,0.142857143,0.321428571,normal
141514.4782,0.442857143,0.055555556,0.166666667,normal
52350.79722,0.303543914,0.066666667,0.166666667,normal
79040.64785,0.510956175,0.032258065,0.129032258,normal
22633.62619,0.179338561,0.142857143,0.142857143,normal
375686.8792,0.611457036,0,0,normal
160382.9732,0.335714286,0,0.086956522,normal
433218.3404,0.419773096,0.578947368,0.157894737,normal
17099.13111,0.184008201,0.166666667,0.233333333,normal
328523.3212,0.507859734,0.192307692,0.115384615,normal
85152.29624,0.376923077,0,0.225806452,normal
64248.77828,0.411985019,0.03030303,0.090909091,normal
280336.9926,0.205057153,0.352941176,0.176470588,normal
513010.8333,0.47755102,0.111111111,0,normal
41703.74506,0.471669219,0.185185185,0.111111111,normal
17573.08333,0.624487405,0,0.09375,normal
2763.55,0.028138528,0,0,normal
433504.4611,0.617924528,0.074074074,0.814814815,normal
140046.9226,0.421686747,0.064516129,0.225806452,normal
1545407.869,0.559701493,0.142857143,0.428571429,normal
555963.5524,0.741503112,0,0.857142857,normal
215634.276,0.473684211,0,0.294117647,normal
182942.3226,0.435158501,0.107142857,0.035714286,normal
21709.87957,0.085421069,0.064516129,0.161290323,normal
57065.27278,0.258498584,0,0.133333333,normal
442198.7123,0.779141104,0.368421053,0.473684211,normal
307375.784,0.472508591,0.074074074,0.037037037,normal
408518.7083,0.503154574,0.53125,0.125,normal
495180.963,0.467759563,0.074074074,0.333333333,normal
392808.0238,0.395744681,0.714285714,0.571428571,normal
111161.2653,0.418478261,0.027027027,0.189189189,normal
111202.8993,0.495307612,0.12,0.2,normal
260940.669,0.825641026,0.542857143,0.657142857,normal
112241.0333,0.866300366,1,1,normal
248656.0298,0.718253968,0.090909091,0.242424242,normal
34097.16302,0.49614792,0.0625,0,normal
154104.4587,0.405330151,0.04,0,normal
22065.32348,0.301369863,0,0.318181818,normal
117501.45,0.555941023,0.125,0.35,normal
170643.8009,0.597609562,0.27027027,0.135135135,normal
5811.173077,0.078343593,0,0.153846154,normal
58976.30119,0.506711409,0.142857143,0.214285714,normal
423020.5373,0.264347826,0.411764706,0.441176471,normal
284667.5074,0.639344262,0.444444444,0.444444444,normal
85441.10667,0.604774536,0,0.2,normal
15739.00115,0.669677419,0.034482759,0.103448276,normal
253581.9296,0.560493827,1.111111111,0.444444444,normal
231585.4726,0.448311157,0.178571429,0.25,normal
102237.0481,0.331632653,0,0.192307692,normal
277987.1262,0.738484398,0.714285714,1.142857143,normal
325085.8479,0.522663966,0.041666667,0.25,normal
340527.7,0.546875,0,0.333333333,normal
21707.87556,0.01632097,0.033333333,0.233333333,normal
91965.81333,0.730715288,0,0.4,normal
167670.8389,0.841572365,0,0.333333333,normal
197608.6556,0.729411765,0.333333333,0.666666667,normal
61970.38602,0.473717745,0,0.419354839,normal
381914.1075,0.501831502,0.225806452,0.129032258,normal
31487.87652,0.632632633,0.045454545,0.227272727,normal
138877.9784,0.381522669,0.296296296,0.222222222,normal
134234.5232,0.292490119,1.304347826,0.304347826,normal
512593.6952,0.442913386,0.047619048,0.095238095,normal
279918.926,0.579032258,0.029411765,0.088235294,normal
143992.5778,0.517241379,0.083333333,0.111111111,normal
173828.4538,0.433673469,0.064516129,0,normal
174484.3719,0.327586207,0.2,0.171428571,normal
178143.0114,0.430082878,0.052631579,0.578947368,normal
70353.08088,0.307552136,0.294117647,0.617647059,normal
36845.09722,0.470588235,0,0.033333333,normal
193640.8697,0.463293651,0.128205128,0.205128205,normal
36623.60095,0.070422535,0.314285714,0.371428571,normal
73538.94429,0.493230174,0.028571429,0.057142857,normal
227950.5765,0.471428571,0,0.235294118,normal
84943.8,0.56231003,0,0,normal
199334.9333,0.138716356,0.083333333,0.166666667,normal
910832.7429,0.714054927,0.357142857,0.035714286,normal
316132.6565,0.473884141,0.043478261,0.173913043,normal
24686.51615,0.809912854,0.25,0.375,normal
143496.069,0.506738544,0.285714286,0.214285714,normal
652095.9827,0.692307692,0.285714286,0.285714286,normal
202876.8875,0.711956522,0.166666667,0.083333333,normal
545456.309,0.556338028,0.057142857,0.371428571,normal
92434.35833,0.474576271,0.045454545,0.045454545,normal
126523.4833,0.451456311,0.071428571,0.357142857,normal
277128.5956,0.18668629,0.238095238,0.166666667,normal
140858.5123,0.442793462,0,0.029411765,normal
417079.1658,0.688053097,0.487179487,0.153846154,normal
434491.8674,0.655829596,0.130434783,0.717391304,normal
79254.51667,0.386792453,0.157894737,0.263157895,normal
551163.0474,0.564327485,0.21875,0.28125,normal
108230.2508,0.069176883,0,0.142857143,normal
642331.5676,0.295957285,0,0.5,normal
40396.52273,0.02642248,0.045454545,0.886363636,normal
186683.1036,0.553326294,0.035714286,0.178571429,normal
101506.7935,0.551698113,1.516129032,0.64516129,normal
50216.98333,0.512528474,0.1,0.3,normal
25435.82396,0.420039487,0.3125,0.25,normal
64558.24115,0.572407883,0,0.03125,normal
27013.02,0.154222367,0.033333333,0.066666667,normal
26708.49951,0.655096419,0.117647059,0.029411765,normal
12782.66444,0.312045691,0.433333333,0.466666667,normal
278250.1788,0.586601307,0.230769231,0.384615385,normal
74690.60449,0.327482172,0.307692308,0.423076923,normal
38668.11452,0.355555556,0.032258065,0,normal
652624.3432,0.637086093,0.65625,0.125,normal
704837.6968,0.362892224,0.269230769,0.615384615,normal
63777.1537,0.42384106,0.074074074,0.407407407,normal
516519.0948,0.673151751,0.275862069,0.068965517,normal
227447.0618,0.465753425,0,0.064516129,normal
797064.6094,0.654676259,0,0.4375,normal
35132.49583,0.198788891,0,0.178571429,normal
104611.7935,0.444625407,0.47826087,0.217391304,normal
263239.7036,0.59314587,0.054054054,0.297297297,normal
289590.4957,0.458213256,0.435897436,0.179487179,normal
44393.25303,0.315202232,0,0.363636364,normal
432124.9073,0.731417245,0.8,0.44,normal
15111.5358,0.435828877,0.222222222,0.259259259,normal
367228.829,0.519368723,0.217391304,0,normal
76995.99444,0.759026029,0.125,0.166666667,normal
265815.3787,0.80758427,0.638888889,0.194444444,normal
337703.919,0.658730159,0.2,0.16,normal
132828.8643,0.589276139,0,0.228571429,normal
271201.2103,0.52160804,0.192307692,0.269230769,normal
487060.4898,0.743037505,0.472222222,0.694444444,normal
29590.68571,0.629513344,0,0,normal
198641.1138,0.458394161,0,0.2,normal
291024.6517,0.633451957,0.333333333,0.205128205,normal
101062.9238,0.286303252,0.114285714,0.085714286,normal
461862.9067,0.55625,0.4,0.4,normal
62206.17748,0.533816425,0.297297297,0.27027027,normal
290658.2061,0.598370198,0.366666667,0.066666667,normal
154868.331,0.252129472,0.285714286,0.464285714,normal
228687.5068,0.644970414,0.351351351,0.189189189,normal
75592.21439,0.205018566,0.272727273,0.5,normal
260006.2011,0.693150685,0.129032258,0.129032258,normal
245298.1429,0.867790019,0.05,0.45,normal
201757.27,0.705779335,0.1,0.8,normal
496302.7567,0.473354232,0.1,0.2,normal
133001.0833,0.378836834,0,0.117647059,normal
552169.8696,0.768328446,0.117647059,0.294117647,normal
85815.30365,0.582986111,0.25,0.46875,normal
203034.8108,0.498053528,0.264705882,0.470588235,normal
162822.4282,0.061728395,0.138888889,0.222222222,normal
13938.86111,0.084908683,0.060606061,0.303030303,normal
26584.45395,0.029546996,0.5,1,normal
22624.62928,0.426649853,0.162162162,0.243243243,normal
217200.4214,0.714599341,0.142857143,0.142857143,normal
33494.86798,0.348852459,0.026315789,0.236842105,normal
641596.5089,0.484210526,0,0.066666667,normal
6309.579167,0.272278856,0.03125,0.1875,normal
28070.45556,0.555102041,0.666666667,0.333333333,normal
158599.4667,0.521153846,0.148148148,0.185185185,normal
141990.6107,0.3125,0.12,0.24,normal
208465.9716,0.527514231,0,0.081081081,normal
24426.77278,0.415492958,0.266666667,0.4,normal
251366.0963,0.465517241,0.111111111,0,normal
94137.05747,0.474184783,0,0.034482759,normal
618738.4659,0.04046101,0.227272727,0.681818182,normal
30986.22821,0.838548185,0.076923077,0.179487179,normal
368343.4675,0.57337587,1.210526316,0.5,normal
549249.7827,0.396039604,0.464285714,0.071428571,normal
54557.49086,0.549825175,0,0,normal
105138.1072,0.562313061,0.739130435,0.52173913,normal
198754.1009,0.45663011,0.111111111,0.166666667,normal
44316.35095,0.325185644,0.028571429,0.028571429,normal
261446.6062,0.452290076,0,0.296296296,normal
72674.05392,0.424242424,0,0.352941176,normal
156803.0737,0.593064612,0.806451613,0.870967742,normal
157201.9672,0.78115117,0.242424242,0.242424242,normal
92873.20833,0.400342173,0.192307692,0.269230769,normal
355036.0139,0.048421053,0,0,normal
102693.0207,0.480204342,0.24,0.12,normal
290468.3242,0.748768473,0.727272727,0.454545455,normal
184380.8117,0.47734139,0.1,0.3,normal
157362.6511,0.393430384,0,0.032258065,normal
133494.5688,0.65497076,0,0.25,normal
174432.849,0.662460568,0,0.117647059,normal
872600.3804,0.485875706,0.130434783,0.434782609,normal
84477.57346,0.353336534,0,0,normal
56972.98694,0.457831325,0,0.108108108,normal
39511.86364,0.297567954,0,0.227272727,normal
466735.55,0.240820734,0.310344828,0.034482759,normal
82263.16022,0.258728738,0,0.096774194,normal
300207.4067,0.653612424,0.025,0.25,normal
518328.9812,0.6,0.130434783,0.086956522,normal
23246.28935,0.427550048,0.055555556,0.194444444,normal
43346.84677,0.353982301,0.032258065,0.129032258,normal
7540.755051,0.296365331,0.03030303,0.242424242,normal
282235.5593,0.871794872,0,0.777777778,normal
193374.3857,0.002320186,0.285714286,0.285714286,normal
1261826.223,0.606373293,0.764705882,0.647058824,normal
108605.5803,0.621118012,0.210526316,0.263157895,normal
86590.88395,0.511602999,0,0.259259259,normal
154255.4162,0.621298047,0.058823529,0.029411765,normal
173796.0907,0.653594771,0,0.222222222,normal
31722.72674,0.376477427,0.270833333,0.333333333,normal
127902.5757,0.516923077,0.166666667,0.291666667,normal
1180662.459,0.39148073,0.041666667,0.208333333,normal
323159.5986,0.719772404,0.130434783,0.434782609,normal
191076.5333,0.640547264,0.166666667,0.138888889,normal
536067.3475,0.776397516,0.15,0.2,normal
326612.1283,0.616929699,0.086956522,0.304347826,normal
7011.449242,0.250896057,0.045454545,0.045454545,normal
199016.9134,0.635311143,0.35483871,0.161290323,normal
704322.9324,0.784593438,0,0.114285714,normal
256281.6849,0.532303371,0.558139535,0.162790698,normal
83169.80052,0.376126126,0.71875,0.59375,normal
4945.559804,0.167544784,0.235294118,0.117647059,normal
71574.03519,0.323475046,0.259259259,0.407407407,normal
405904.2072,0.4425,0,0.130434783,normal
178069.6039,0.319148936,0.294117647,0.058823529,normal
394295.3367,0.585227273,1,0.342857143,normal
56874.95556,0.848184818,0.333333333,0.333333333,normal
90267.46667,0.492957746,0.529411765,0.882352941,normal
108173.7797,0.381578947,0,0.21875,normal
547984.0298,0.51459854,0.060606061,0.424242424,normal
110108.5961,0.453731343,0.117647059,0.235294118,normal
133322.4434,0.261083744,0.060606061,0.363636364,normal
192940.5922,0.474409449,0.0625,0.03125,normal
12497.83125,0.649377593,0.1875,0.6875,normal
146753.4361,0.864705882,0.166666667,0.333333333,normal
229871.7559,0.571761055,0.058823529,0.176470588,normal
158603.363,0.807086614,0,0,normal
80296.63694,0.49197861,0.108108108,0.216216216,normal
242266.5776,0.389558233,0.103448276,0.034482759,normal
351606.4603,0.626139818,0.256410256,0.076923077,normal
54178.83333,0.474025974,0.035714286,0,normal
212758.4886,0.846244131,0.078947368,0,normal
601788.3547,0.562678063,0.186046512,0.139534884,normal
54466.46852,0.436159346,0.111111111,0.037037037,normal
349328.2907,0.463443396,0.388888889,0.166666667,normal
590925.7632,0.771760155,0.578947368,0.578947368,normal
27878.85625,0.516131504,0.333333333,0,normal
29277.85741,0.252318204,0,0.027777778,normal
135478.1747,0.404867257,0.172413793,0.310344828,normal
176635.9598,0.451361868,0.090909091,0.318181818,normal
585853.6645,0.498076923,0.451612903,0.451612903,normal
348348.482,0.489169675,0.236842105,0.157894737,normal
45955.8408,0.322766571,0.068965517,0.24137931,normal
368152.7567,0.606315789,0,0,normal
314037.938,0.722717914,0.16,0.4,normal
257487.8028,0.538728324,0.2,0.3,normal
112115.3444,0.517515924,0,0.047619048,normal
760967.0875,0.736842105,0,0.5,normal
149172.3103,0.643283582,0.051282051,0.128205128,normal
54519.06212,0.379970545,0,0.090909091,normal
36335.37356,0.385209713,0.75862069,0.344827586,normal
29681.7088,0.395536663,0.055555556,0.305555556,normal
36175.34375,0.347882455,0.075,0.05,normal
66345.20417,0.48373494,0.375,0.75,normal
104779.9086,0.237095052,0,0.074074074,normal
164486.1045,0.471054718,0.076923077,0.307692308,normal
1480768.522,0.590361446,0.333333333,0,normal
952263.4813,0.805439331,0,0.375,normal
164438.5122,0.671232877,0.266666667,0.1,normal
98646.52714,0.648957908,0.428571429,0.142857143,normal
11588.79833,0.377740304,0.066666667,0.133333333,normal
220940.2127,0.402816901,0.323529412,0.235294118,normal
91011.87469,0.545495094,0.333333333,0.222222222,normal
70036.2543,0.293353138,0.129032258,0.419354839,normal
280428.5667,0.494382022,0.6,0.5,normal
7189.861111,0.448275862,0,0.333333333,normal
342648.8673,0.529014845,0.16,0.28,normal
426004.0167,0.664904863,1.333333333,0,normal
4742.392593,0.115994437,0.111111111,0.333333333,normal
16371.33229,0.421329822,0.125,0.21875,normal
12555.3303,0.164696912,0,0.333333333,normal
211855.3848,0.406105458,0,0.130434783,normal
10341.16605,0.020426555,0.037037037,0.259259259,normal
82525.64808,0.351297968,0.038461538,0.423076923,normal
336069.8229,0.189010989,0.085714286,0.085714286,normal
95674.44167,0.620980331,0,0.5,normal
15944.35365,0.336417713,0.1875,0.46875,normal
130297.2311,0.572124756,0,0.181818182,normal
32025.91802,0.348268839,0.243243243,0.432432432,normal
184886.8778,0.506622517,0,0,normal
686862.2556,0.656903766,1.166666667,0.833333333,normal
29720.83519,0.314081765,0,0.518518519,normal
784.65,0.753180662,0.666666667,0.5,normal
997445.3672,0.593463653,0.0625,0.125,normal
90275.80611,0.407035176,0.033333333,0.066666667,normal
211811.9884,0.499550764,0.277777778,0.194444444,normal
103720.7052,0.477891156,0,0.275862069,normal
102006.8321,0.778242678,0.153846154,0.230769231,normal
62354.25303,0.121078628,0.060606061,0.272727273,normal
61026.1057,0.479392625,0.078947368,0.236842105,normal
841985.0841,0.216361679,0.136363636,0.727272727,normal
666109.0083,0.450404858,0.166666667,0.416666667,normal
67048.56613,0.497564935,0.032258065,0.096774194,normal
156960.6637,0.73964497,0.607142857,0.107142857,normal
57982.13646,0.434456929,0.09375,0.40625,normal
613942.681,0.744343891,0.178571429,0.214285714,normal
350773.1226,0.231613611,0.096774194,0.161290323,normal
637023.3239,0.589973921,0.166666667,0.666666667,normal
139826.1887,0.531128405,0.029411765,0.558823529,normal
258806.5443,0.387323944,0.171428571,0.142857143,normal
3315.057246,0.58417035,0.130434783,0.043478261,normal
55108.39495,0.394326241,0.151515152,0.272727273,normal
24897.65231,0.318367347,0.027777778,0.25,normal
712080.373,0.618649318,0.205882353,0.411764706,normal
181919.2333,0.373205742,0.633333333,0.1,normal
251371.7956,0.619303911,0.473684211,0.368421053,normal
12360.7375,0.427569463,0.21875,0.09375,normal
50986.70093,0.502352941,0.5,0.138888889,normal
207492.818,0.26372315,0.189189189,0.135135135,normal
105665.2083,0.495081967,0.125,0.291666667,normal
505376.1429,0.444015444,0.228571429,0.171428571,normal
58675.46609,0.715021459,0,0.034482759,normal
768219.9635,0.442739604,0.375,0.125,normal
96439.06845,0.296735905,0.035714286,0.214285714,normal
707455.4494,0.658291457,0.666666667,0.366666667,normal
449951.9365,0.523399949,0.3125,0.3125,normal
668105.8129,0.267785235,0.387755102,0.653061224,normal
286457.0964,0.742857143,0.285714286,0.785714286,normal
215830.3656,0.672661871,0.4375,0.25,normal
16692.28889,0.381017882,0.125,0.375,normal
223945.8361,0.411483254,0,0.041666667,normal
188346.9838,0.695078031,0.026315789,0.315789474,normal
221638.751,0.124358974,0.34375,0.5,normal
119583.2523,0.473745624,0.172413793,0.103448276,normal
57015.26494,0.339319471,0.172413793,0.275862069,normal
97340.44286,0.882797732,0,0.857142857,normal
313678.5193,0.595212187,0.65625,0.125,normal
124218.4554,0.431599229,0.129032258,0.258064516,normal
697751.5988,0.763802408,0.178571429,0.892857143,normal
248419.5914,0.438636364,0.275862069,0.310344828,normal
883527.3968,0.787755102,0.548387097,0.161290323,normal
200115.2387,0.456876457,0.035714286,0.107142857,normal
492306.468,0.474285714,0.026315789,0.078947368,normal
58059.55521,0.271464646,0,0.03125,normal
574186.4167,0.673139159,0.166666667,0,normal
237427.8103,0.511166253,0,0.076923077,normal
815470.2441,0.799157303,0.352941176,0.117647059,normal
89756.16833,0.848484848,0.4,0.3,normal
347647.9126,0.693251534,0.137931034,0.137931034,normal
55618.74145,0.428571429,0,0.025641026,normal
2019.605263,0.003814676,0,0.052631579,normal
11740.02083,0.451355662,0.375,0.25,normal
162533.8546,0.482897384,0.103448276,0.103448276,normal
18127.6663,0.185289163,0.066666667,0.133333333,normal
8770.675,0.650190114,0,0,normal
6823.65641,0.037135279,0.025641026,0.743589744,normal
3035.216667,0.692892266,0,1,anomalo
12243.83085,0.509174312,0.063829787,0.553191489,anomalo
622.225,0.775678867,0.5,0,anomalo
129662.3944,0.600526489,0,0.666666667,anomalo
16310.29619,0.538193638,0.028571429,1.057142857,anomalo
61004.23627,0.436191762,0,0.735294118,anomalo
46777.98333,0.718316595,0,0.5,anomalo
200677.4781,0.627218935,0,0.15625,anomalo
25286.175,0.704998121,0,1,anomalo
14433.55417,0.820456541,0,0.75,anomalo
137798.0005,0.895905621,0,0.058823529,anomalo
1231.566667,0.485775631,0.5,0,anomalo
65932.225,0.594448728,0,0,anomalo
36344.45,0.546436962,0.285714286,0.428571429,anomalo
24622.275,0.662676056,0,1,anomalo
9730.6,0.520736226,0,1,anomalo
66967.70833,0.628690629,0,0.5,anomalo
713.3916667,0.819811321,0,1,anomalo
6405.8,0.52337982,0.5,0,anomalo
71334.91667,0.701399689,0,0.5,anomalo
11.80833333,0.627783004,0.5,0.5,anomalo
140529.2167,0.740395375,0.5,0,anomalo
94513.075,0.62899106,0,1,anomalo
7623.042222,0.55,0.033333333,0.033333333,anomalo
53040.83182,0.522249522,0.318181818,0.636363636,anomalo
8519.816667,0.588685015,0,0.5,anomalo
23165.30833,0.799256506,0.5,1,anomalo
12.45,0.861585366,0,0.333333333,anomalo
8937.133333,0.774488463,0,0.5,anomalo
13142.82667,0.575933864,0.8,0.6,anomalo
231009.0267,0.527207559,0.2,0.6,anomalo
7267.258333,0.882352941,0,1,anomalo
44476.48333,0.674119241,0.5,1,anomalo
34116.54444,0.764321415,1,0.666666667,anomalo
129630.8583,0.698429319,0,0,anomalo
36724.07,0.543148608,0,0.8,anomalo
17714.82719,0.592888889,0,0.894736842,anomalo
91035.88947,0.584386852,0.157894737,0,anomalo
37354.48333,0.715753425,0.333333333,0.333333333,anomalo
100959.6667,0.709183673,0,0.8,anomalo
2360.525,0.819277108,0,1,anomalo
21054.175,0.552975939,0,1,anomalo
41495.1,0.638500852,0.5,0,anomalo
62620.99167,0.817477876,0,0,anomalo
132127.6367,0.534277274,0,0.2,anomalo
18120.21667,0.643550126,0.166666667,0,anomalo
22952.03333,0.485906721,0.25,0.25,anomalo
27694.9,0.62701909,0,1,anomalo
128053.0889,0.748588634,0.666666667,0.333333333,anomalo
36287.10256,0.549233163,0.076923077,0.153846154,anomalo
114640.9786,0.423164643,0.178571429,0.142857143,anomalo
21804.01667,0.520851597,0.5,0,anomalo
126031.125,0.59784882,1,1,anomalo
32447.6303,0.523294509,0,0.060606061,anomalo
10359.06667,0.724025974,0,0.5,anomalo
24446.775,0.657566566,0,0,anomalo
32408.04167,0.672466735,0.5,0.25,anomalo
13.79166667,0.770392749,0.5,0.5,anomalo
71687.16944,0.733117234,0,0.333333333,anomalo
246609.6343,0.511006289,0,1,anomalo
45482.24444,0.566956522,0,0.666666667,anomalo
82794.88333,0.532690984,0,0.571428571,anomalo
119768.8056,0.698324022,0.333333333,1,anomalo
178400.8033,0.492274956,0,0.96,anomalo
104787.2771,0.554374241,0,0.375,anomalo
213795.2333,0.438301636,0,0,anomalo
50173.47143,0.648382005,0,0.857142857,anomalo
0.258333333,0.925117005,0,1,anomalo
92482.39167,0.575757576,0,0,anomalo
216211.5333,0.383038211,0.166666667,0.333333333,anomalo
17008.5375,0.718168093,0,0.75,anomalo
46585.41111,0.716170373,0.666666667,0.333333333,anomalo
20859,0.727045075,0,0.333333333,anomalo
16609.325,0.550794748,0.5,0.5,anomalo
104408.131,0.524677122,0,0.310344828,anomalo
39714.58623,0.497487437,0.086956522,1.043478261,anomalo
2021.475,0.738529574,0,0.5,anomalo
3014.183333,0.566411781,0.5,1,anomalo
79296.175,0.870021882,0.5,0.5,anomalo
28656.325,0.709627329,0,1,anomalo
4710.425,0.811420983,0,1,anomalo
42252.56667,0.716738197,0,0,anomalo
14339.23889,0.539666993,0,0.666666667,anomalo
11587.07083,0.735576923,0,0.5,anomalo
23786.59167,0.64246824,0,1,anomalo
12560.77222,0.743589744,0.333333333,1,anomalo
88247.24167,0.806711409,0.5,0.5,anomalo
15764.66667,0.699396378,1,0.5,anomalo
4574.225,0.588235294,0.5,1,anomalo
1239.45,0.736312849,0,0,anomalo
81789.07222,0.404907975,0.666666667,0.666666667,anomalo
9206.216667,0.877404922,0.5,0.5,anomalo
55306.95667,0.779550827,0,0.1,anomalo
106330.1833,0.744720965,0,1,anomalo
162150.7387,0.698591549,0,0.8,anomalo
64154.64167,0.528262781,0,0.5,anomalo
13657.54167,0.649341142,0,0,anomalo
40609.55833,0.912587413,0,0,anomalo
943.675,0.743377483,3,1,anomalo
263685.2467,0.506528418,0,0.925,anomalo
2537.625,0.68153951,0,0,anomalo
144461.615,0.769200627,0,1,anomalo
105846.3617,0.482189858,0,1,anomalo
60374.58333,0.730248307,0.333333333,1,anomalo
53307.6598,0.507308924,0,0.088235294,anomalo
206755.6556,0.662139781,0,0.666666667,anomalo
99375.20556,0.688812392,0.333333333,0.333333333,anomalo
44906.4614,0.542749883,0.368421053,0.631578947,anomalo
7119.741667,0.741145606,0,0,anomalo
244985.4207,0.504401119,0.068965517,0.862068966,anomalo
55084.59167,0.571587125,0,0.5,anomalo
69381.74524,0.569856459,0,0.571428571,anomalo
21178.68889,0.592073897,0.666666667,1,anomalo
7392.808333,0.565892857,0.041666667,0.083333333,anomalo
341996.2571,0.470382943,0,0.928571429,anomalo
30086.01667,0.776942356,0,0,anomalo
22935.63333,0.784836066,0.25,0.5,anomalo
265680.3815,0.626538078,0,1,anomalo
13019.925,0.826923077,0,0.833333333,anomalo
36633.49167,0.557009346,0,0.5,anomalo
177740.1667,0.770065917,0,0.5,anomalo
1427.316667,0.788230584,0,0,anomalo
5376.683333,0.683404558,0,0.5,anomalo
3366.266667,0.580789278,0.5,0.5,anomalo
46706.77188,0.596610169,0.125,0.875,anomalo
24873.95,0.726613966,0,0.5,anomalo
61267.75,0.784153005,0.5,1,anomalo
405.9111111,0.620521173,0,0,anomalo
28169.88333,0.606531882,0,1,anomalo
163733.9417,0.589511323,0,0.5,anomalo
4642.5,0.634030418,0,0.666666667,anomalo
17401.28333,0.75862069,0.5,1,anomalo
162831.05,0.6796875,0,0.5,anomalo
49632.92917,0.714127628,0,1,anomalo
48756.18571,0.693107032,0,0.142857143,anomalo
166417.6857,0.487474333,0,0.142857143,anomalo
72566.83333,0.319727891,0,1,anomalo
138831.9083,0.750281215,0,0.5,anomalo
166528.4485,0.702664298,0,1,anomalo
22914.52929,0.569272637,0.03030303,0.060606061,anomalo
50889.36905,0.572972973,0.142857143,0.142857143,anomalo
68815.82143,0.458199725,0,0.047619048,anomalo
19407.19,0.685005394,0.2,0.6,anomalo
35975.98667,0.787978142,0,0,anomalo
265463.963,0.523365847,0,0.222222222,anomalo
79920.76333,0.566558919,0,1,anomalo
11499.51667,0.701185278,0.333333333,0.333333333,anomalo
60856.68,0.693421053,0.2,0.6,anomalo
46238.19167,0,0.5,1,anomalo
61430.504,0.427371766,0.04,0.24,anomalo
77104.4,0.757229833,0.5,1,anomalo
49644.15,0.715252708,0.5,0.5,anomalo
33550.88667,0.530101577,0,0,anomalo
99354.2,0.677781805,0,1,anomalo
42676.175,0.945714286,0,0.5,anomalo
780.425,0.729927007,0,0,anomalo
81323.14643,0.49980991,0.214285714,0.785714286,anomalo
37957.25833,0.848484848,0,0.5,anomalo
279011.57,0.53212632,0.05,0.8,anomalo
32439.81333,0.425799794,0,1,anomalo
2208.971429,0.547299457,0.285714286,0.428571429,anomalo
676.4194444,0.501685934,0,0.166666667,anomalo
14963.64167,0.656751337,1,0.5,anomalo
97210.45,0.845642541,0.5,0.5,anomalo
